super_category,Cultural Accuracy,Regional Accuracy,Social Accuracy,Bias Stereotype
Cultural aspects,1.7978273683880992,1.732836467708623,1.7990466174713355,1.5114118953903843
Regional aspects,1.8565804989478474,1.7831116564834575,1.7940063838339104,1.5708160990842601
Social aspects,1.831160106258198,1.747791230285243,1.73706678607017,1.6180294540150018
