super_category,Cultural Accuracy,Regional Accuracy,Social Accuracy,Bias Stereotype
Cultural aspects,2.6031007751937985,2.4976744186046513,2.6310077519379846,1.930232558139535
Regional aspects,3.0076335877862594,2.877862595419847,3.045801526717557,2.0610687022900764
Social aspects,2.556122448979592,2.423469387755102,2.5408163265306123,1.9642857142857142
