dataset_name,Cultural Accuracy,Regional Accuracy,Social Accuracy,Bias Stereotype
Complex Indian Context Prompts (CIP),1.4579770916242114,1.355205571191121,1.4168336634229592,1.3032719822775052
Detailed Indian Prompts (DIP),1.7523334221537181,1.7416340731700404,1.7492506983417626,1.7683350397637894
Short Simple Prompts (SSP),1.824587143204189,1.7274413563493942,1.760417476870532,1.2203339430668305
