super_category,Cultural Accuracy,Regional Accuracy,Social Accuracy,Bias Stereotype
Cultural aspects,2.5796610169491525,2.461016949152542,2.610169491525424,1.8135593220338984
Regional aspects,2.983805668016194,2.8461538461538463,3.032388663967611,2.0040485829959516
Social aspects,2.574585635359116,2.430939226519337,2.5580110497237567,1.9502762430939227
