dataset_name,Cultural Accuracy,Regional Accuracy,Social Accuracy,Bias Stereotype
dataset2,2.871060171919771,2.644699140401146,2.830945558739255,1.527220630372493
dataset3,2.3675,2.37,2.4175,2.335
dataset4,1.7878787878787878,1.6515151515151516,1.7045454545454546,1.6115384615384616
