model_name,Cultural Accuracy,Regional Accuracy,Social Accuracy,Bias Stereotype
SD_api_free,1.2501162736619416,1.3697933381826932,1.430754634285492,0.3691228927963155
Stable Diffusion 3.5 Large,1.7428525508503592,1.5610812886957441,1.7001400502535637,1.294677749940299
flux1-dev,1.5205104430366398,1.4343019088920599,1.4458380349965023,1.6010200829853602
flux1_1_pro,1.6883326952113509,1.5578161885339898,1.6312965451253072,1.6956973220771707
openai_dalle_3,1.7658941604373828,1.7328158911642524,1.7356983149327827,1.7701780301073209
openai_gpt_image_1,1.3815315565068962,1.4112374135050125,1.3492740380209964,1.936125518770106
sd_api_stable-diffusion-xl-1024-v1-0,1.835069020376018,1.7730134873137524,1.7579099987767293,1.5833458875682902
sd_turbo,0.28143728067320806,0.28143728067320806,0.28143728067320806,0.0
stable-diffusion-v1-5,0.0,0.0,0.0,0.0
