dataset_name,super_category,Cultural Accuracy,Regional Accuracy,Social Accuracy,Bias Stereotype
dataset2,Cultural aspects,1.8032893788121702,1.729853189181364,1.7969040258148614,1.2512879114239184
dataset2,Regional aspects,1.8130514366148094,1.729136032046882,1.7702706763985374,0.9198970757216591
dataset2,Social aspects,1.8655955958819967,1.7375968192862068,1.6978095940808409,1.4186397695606234
dataset3,Cultural aspects,1.7706876291280353,1.7552000374358014,1.7813940914642028,1.8223305861073449
dataset3,Regional aspects,1.8848899377733916,1.8848899377733916,1.808142650611738,1.8665507300652124
dataset3,Social aspects,1.7662878229368193,1.7552060514968,1.7514244397288643,1.7884572147784419
dataset4,Cultural aspects,0.0,0.0,0.0,0.0
dataset4,Regional aspects,0.0,0.0,0.0,0.0
dataset4,Social aspects,1.6733200530681511,1.632993161855452,1.632993161855452,0.816496580927726
