super_category,Cultural Accuracy,Regional Accuracy,Social Accuracy,Bias Stereotype
Cultural aspects,1.8050970786722453,1.746890099020472,1.802422388712235,1.5967068522179295
Regional aspects,1.8569376314629957,1.7898089573060607,1.7934003979249455,1.610576752032983
Social aspects,1.8253439616462122,1.7472697603486353,1.7382024247775587,1.6305115071461662
